A/Bテスト	えーびーてすと	A/Bテスト
仮説力	かせつりょく	A/Bテスト
計測可能	けいそくかのう	A/Bテスト
原因分析	げんいんぶんせき	A/Bテスト
現実的	げんじつてき	A/Bテスト
CTA	しーてぃーえー	A/Bテスト
実効性	じっこうせい	A/Bテスト
SMART	すまーと	A/Bテスト
対策立案	たいさくりつあん	A/Bテスト
テストページ	てすとぺーじ	A/Bテスト
編集画面	へんしゅうがめん	A/Bテスト
離脱率	りだつりつ	A/Bテスト
イベント機能	いべんときのう	EC
運営者	うんえいしゃ	EC
エラーメッセージ	えらーめっせーじ	EC
オムニチャネル	おむにちゃんねる	EC
カート	かーと	EC
外部サービス認証	がいぶさーびすにんしょう	EC
外部配信	がいぶはいしん	EC
カテゴリ数	かてごりすう	EC
基幹	きかん	EC
記事連携	きじれんけい	EC
啓蒙	けいもう	EC
決済代行	けっさいだいこう	EC
コミュニティ機能	こみゅにてぃきのう	EC
コンサル	こんさる	EC
在庫連携	ざいこれんけい	EC
差別化	さべつか	EC
実績	じっせき	EC
習熟	しゅうじゅく	EC
集約コード	しゅうやくこーど	EC
商品コード	しょうひんこーど	EC
商品連携	しょうひんれんけい	EC
ステークホルダー	すてーくほるだー	EC
積極対応	せっきょくたいおう	EC
戦略	せんりゃく	EC
素材利用	そざいりよう	EC
対応品質	たいおうひんしつ	EC
認知	にんち	EC
ネクストエンジン	ねくすとえんじん	EC
物流	ぶつりゅう	EC
分析	ぶんせき	EC
レンタル機能	れんたるきのう	EC
アーキ	あーき	JAMStack
IT	あいてぃー	JAMStack
as a Service	あずあさーびす	JAMStack
Web API	うぇぶえーぴーあい	JAMStack
ウェブフロント	うぇぶふろんと	JAMStack
HTML	えいちてぃーえむえる	JAMStack
HTML化	えいちてぃーえむえるか	JAMStack
HTTP Client	えいちてぃーてぃーぴーくらいあんと	JAMStack
API Driven	えーぴーあいどりぶん	JAMStack
エクスペリエンス	えくすぺりえんす	JAMStack
オフライン	おふらいん	JAMStack
開発ターゲット	かいはつたーげっと	JAMStack
局所	きょくしょ	JAMStack
GraphQL	ぐらふきゅーえる	JAMStack
GraphCMS	ぐらふしーえむえす	JAMStack
Gridsome	ぐりっどさむ	JAMStack
懸念点	けねんてん	JAMStack
サーバーサイド	さーばーさいど	JAMStack
サーバーレス	さーばーれす	JAMStack
Serverless	さーばーれす	JAMStack
JSON	じぇいそん	JAMStack
JAMStack	じゃむすたっく	JAMStack
スケーリング	すけーりんぐ	JAMStack
StaticGen	すたてぃっくじぇん	JAMStack
生成処理	せいせいしょり	JAMStack
静的化	せいてきか	JAMStack
責務	せきむ	JAMStack
ディレクトリ	でぃれくとり	JAMStack
動的	どうてき	JAMStack
Nuxt.js	なくすとじぇいえす	JAMStack
Next.js	ねくすとじぇいえす	JAMStack
Vue.js	びゅーじぇいえす	JAMStack
Headless CMS	へっどれすしーえむえす	JAMStack
microCMS	まいくろしーえむえす	JAMStack
明確化	めいかくか	JAMStack
ユーザー投稿	ゆーざーとうこう	JAMStack
Raspberry Pi	らずべりーぱい	JAMStack
add_action	あっどあくしょん	WordPress
アフターパーティー	あふたーぱーてぃ	WordPress
インサーター	いんさーたー	WordPress
インスペクター	いんすぺくたー	WordPress
引用ブロック	いんようぶろっく	WordPress
Webアセンブラー	うぇぶあせんぶらー	WordPress
埋め込み系ブロック	うめこみけいぶろっく	WordPress
editor.BlockEdit	えでぃたーぶろっくえでぃっと	WordPress
オススメブロック	おすすめぶろっく	WordPress
カスタマイザー	かすたまいざー	WordPress
カスタムHTML	かすたむえいちてぃーえむえる	WordPress
カスタム投稿タイプ	かすたむとうこうたいぷ	WordPress
カスタムフィールド製造業	かすたむふぃーるどせいぞうぎょう	WordPress
カスタムリンク	かすたむりんく	WordPress
画像ブロック	がぞうぶろっく	WordPress
カバーブロック	かばーぶろっく	WordPress
カラムブロック	からむぶろっく	WordPress
共同オーガナイザー	きょうどうおーがないざー	WordPress
Gutenberg	ぐーてんべるく	WordPress
Gutenberg	ぐーてんべるぐ	WordPress
コアコミッター	こあこみったー	WordPress
公開ボタン	こうかいぼたん	WordPress
コミッター	こみったー	WordPress
コミッター陣	こみったーじん	WordPress
コントリビューターデイ	こんとりびゅーたーでい	WordPress
再利用ブロック	さいりようぶろっく	WordPress
サポートフォーラム	さぽーとふぉーらむ	WordPress
salzberg_boilerplate_block()	ざるつべるくぼいらーぷれーとぶろっく	WordPress
Shinshu WordPress Meetup	しんしゅうわーどぷれすみーとあっぷ	WordPress
State of the Word	すてーとおぶざわーど	WordPress
セッションデイ	せっしょんでい	WordPress
WP.com	だぶりゅぴーどっとこむ	WordPress
wp.hooks.addFilter	だぶりゅぴーふっくすあっどふぃるたー	WordPress
wp_register_script	だぶりゅぴーれじすたーすくりぷと	WordPress
段落ブロック	だんらくぶろっく	WordPress
通常ブロック	つうじょうぶろっく	WordPress
テーマ	てーま	WordPress
テンプレートタグ	てんぷれーとたぐ	WordPress
Twenty Nineteen	とぅうぇんてぃないんてぃーん	WordPress
道玄坂WordPress Meetup	どうげんざかわーどぷれすみーとあっぷ	WordPress
100%GPL	ひゃくぱーせんとじーぴーえる	WordPress
プラグイン	ぷらぐいん	WordPress
ブロックエディタ	ぶろっくえでぃた	WordPress
ブロックエディター	ぶろっくえでぃたー	WordPress
Block Editor Handbook	ぶろっくえでぃたーはんどぶっく	WordPress
blocks.getSaveContent.extraProps	ぶろっくすげっとせいぶこんてんとえくすとらぷろっぷす	WordPress
blocks.getSaveElement	ぶろっくすげっとせーぶえれめんと	WordPress
blocks.registerBlockType	ぶろっくすれじすたーぶろっくたいぷ	WordPress
ブロック追加ボタン	ぶろっくついかぼたん	WordPress
ブロックナビゲーション	ぶろっくなびげーしょん	WordPress
Block Filters	ぶろっくふぃるたーず	WordPress
ブロックマネージャー	ぶろっくまねーじゃー	WordPress
ブロックライブラリ	ぶろっくらいぶらり	WordPress
文章ブロック	ぶんしょうぶろっく	WordPress
Page	ぺーじ	WordPress
Post	ぽすと	WordPress
post_content	ぽすとこんてんと	WordPress
ボタンブロック	ぼたんぶろっく	WordPress
マイナーアップデート	まいなーあっぷでーと	WordPress
見出しブロック	みだしぶろっく	WordPress
Making WordPress	めいきんぐわーどぷれす	WordPress
Make WordPress	めいくわーどぷれす	WordPress
メジャーアップデート	めじゃーあっぷでーと	WordPress
Meta Description	めたですくりぷしょん	WordPress
有効化	ゆうこうか	WordPress
ライブプレビュー	らいぶぷれびゅー	WordPress
リストブロック	りすとぶろっく	WordPress
register_block_type	れじすたーぶろっくたいぷ	WordPress
WordCamp Kansai	わーどきゃんぷかんさい	WordPress
WordCamp香港	わーどきゃんぷほんこん	WordPress
WordCamp US	わーどきゃんぷゆーえす	WordPress
WordCamp US	わーどきゃんぷゆーえす	WordPress
WordCampヨーロッパ	わーどきゃんぷよーろっぱ	WordPress
WordFes Nagoya	わーどふぇすなごや	WordPress
WordPress	わーどぷれす	WordPress
WordPress 5.0 RC	わーどぷれすごーてんぜろあーるしー	WordPress
WordPress.org	わーどぷれすどっとおるぐ	WordPress
WordPress.com	わーどぷれすどっとこむ	WordPress
WordPress 5 beta 5	わーどぷれすふぁいぶべーたふぁいぶ	WordPress
WordPressフォーラム	わーどぷれすふぉーらむ	WordPress
WordPress Meetup	わーどぷれすみーとあっぷ	WordPress
WordPress Meetup 神奈川	わーどぷれすみーとあっぷかながわ	WordPress
アクセシビリティ	あくせしびりてぃ	アクセシビリティ
アクセシビリティシャン	あくせしびりてぃしゃん	アクセシビリティ
アクセシビリティ対応	あくせしびりてぃたいおう	アクセシビリティ
アクセシビリティ方針	あくせしびりてぃほうしん	アクセシビリティ
アニメーション	あにめーしょん	アクセシビリティ
アビリティ	あびりてぃ	アクセシビリティ
Ability	あびりてぃ	アクセシビリティ
アプローチ	あぷろーち	アクセシビリティ
Understanding	あんだーすたんでぃんぐ	アクセシビリティ
閾値	いきち	アクセシビリティ
閾値以下	いきちいか	アクセシビリティ
一時的	いちじてき	アクセシビリティ
位置づけ	いちづけ	アクセシビリティ
一部分	いちぶぶん	アクセシビリティ
一貫性	いっかんせい	アクセシビリティ
Inclusive Design	いんくるーしぶでざいん	アクセシビリティ
インタラクション	いんたらくしょん	アクセシビリティ
インクルーシブHTML	いんるーしぶえいちてぃーえむえる	アクセシビリティ
WCAG2.1	うぃーきゃぐにーてんいち	アクセシビリティ
WAI-ARIA	うぇいありあ	アクセシビリティ
ウェブアクセシビリティ基盤委員会	うぇぶあくせしびりてぃきばんいいんかい	アクセシビリティ
Webアプリケーション	うぇぶあぷりけーしょん	アクセシビリティ
Webページ	うぇぶぺーじ	アクセシビリティ
移り変わり	うつりかわり	アクセシビリティ
HCD-Net	えいちしーでぃーねっと	アクセシビリティ
Extensions	えくすてんしょん	アクセシビリティ
HTML	えっちてぃーえむえる	アクセシビリティ
エラー	えらー	アクセシビリティ
エラー回避	えらーかいひ	アクセシビリティ
エラー修正	えらーしゅうせい	アクセシビリティ
お話	おはなし	アクセシビリティ
音声	おんせい	アクセシビリティ
音声解説	おんせいかいせつ	アクセシビリティ
階層	かいそう	アクセシビリティ
解体	かいたい	アクセシビリティ
ガイドライン	がいどらいん	アクセシビリティ
回避策	かいひさく	アクセシビリティ
拡大印刷	かくだいいんさつ	アクセシビリティ
ガチ勢	がちぜい	アクセシビリティ
カルーセル	かるーせる	アクセシビリティ
関係性	かんけいせい	アクセシビリティ
観点	かんてん	アクセシビリティ
勘所	かんどころ	アクセシビリティ
乾杯	かんぱい	アクセシビリティ
キーボード	きーぼーど	アクセシビリティ
キーボード操作	きーぼーどそうさ	アクセシビリティ
キーボードトラップ	きーぼーどとらっぷ	アクセシビリティ
機会損失	きかいそんしつ	アクセシビリティ
技術	ぎじゅつ	アクセシビリティ
機能	きのう	アクセシビリティ
気持ち	きもち	アクセシビリティ
キャプション	きゃぷしょん	アクセシビリティ
行間	ぎょうかん	アクセシビリティ
挙動	きょどう	アクセシビリティ
形式	けいしき	アクセシビリティ
ケース	けーす	アクセシビリティ
言語	げんご	アクセシビリティ
原稿	げんこう	アクセシビリティ
健常者	けんじょうしゃ	アクセシビリティ
原則	げんそく	アクセシビリティ
原典	げんてん	アクセシビリティ
堅牢	けんろう	アクセシビリティ
恒久的	こうきゅうてき	アクセシビリティ
構成	こうせい	アクセシビリティ
構文解析	こうぶんかいせき	アクセシビリティ
広報チーム	こうほうちーむ	アクセシビリティ
互換性	ごかんせい	アクセシビリティ
コンテキスト	こんてきすと	アクセシビリティ
コンテンツエリア	こんてんつえりあ	アクセシビリティ
コントラスト	こんとらすと	アクセシビリティ
Contrast	こんとらすと	アクセシビリティ
再掲	さいけい	アクセシビリティ
サイト	さいと	アクセシビリティ
サイトマップ	さいとまっぷ	アクセシビリティ
再認証	さいにんしょう	アクセシビリティ
サブ動線	さぶどうせん	アクセシビリティ
3:1	さんたいいち	アクセシビリティ
CSS	しーえすえす	アクセシビリティ
ジェスチャ	じぇすちゃ	アクセシビリティ
支援技術	しえんぎじゅつ	アクセシビリティ
時間依存メディア	じかんいぞんめでぃあ	アクセシビリティ
閾値	しきいち	アクセシビリティ
閾値以下	しきいちいか	アクセシビリティ
識字率	しきじりつ	アクセシビリティ
JIS	じす	アクセシビリティ
JIS X 8341-3	じすえっくすはちさんよんいちのさん	アクセシビリティ
時代工房	じだいこうぼう	アクセシビリティ
Situational	しちゅえいしょなる	アクセシビリティ
実際	じっさい	アクセシビリティ
実装	じっそう	アクセシビリティ
自分	じぶん	アクセシビリティ
字幕	じまく	アクセシビリティ
JavaScript	じゃばすくりぷと	アクセシビリティ
受託制作会社	じゅたくせいさくがいしゃ	アクセシビリティ
手段	しゅだん	アクセシビリティ
順序	じゅんじょ	アクセシビリティ
障害者差別解消法	しょうがいしゃさべつかいしょうほう	アクセシビリティ
障害者対応	しょうがいしゃたいおう	アクセシビリティ
状況	じょうきょう	アクセシビリティ
状況的	じょうきょうてき	アクセシビリティ
将来	しょうらい	アクセシビリティ
シンボル	しんぼる	アクセシビリティ
ズーム	ずーむ	アクセシビリティ
スタイル	すたいる	アクセシビリティ
ステータスメッセージ	すてーたすめっせーじ	アクセシビリティ
図版	ずはん	アクセシビリティ
スマホ	すまほ	アクセシビリティ
制作	せいさく	アクセシビリティ
制作者	せいさくしゃ	アクセシビリティ
生産性	せいさんせい	アクセシビリティ
セクション	せくしょん	アクセシビリティ
セッションタイムアウト	せっしょんたいむあうと	アクセシビリティ
前景	ぜんけい	アクセシビリティ
閃光	せんこう	アクセシビリティ
センサー	せんさー	アクセシビリティ
操作可能	そうさかのう	アクセシビリティ
ターゲット	たーげっと	アクセシビリティ
対象	たいしょう	アクセシビリティ
代替コンテンツ	だいたいこんてんつ	アクセシビリティ
代替テキスト	だいたいてきすと	アクセシビリティ
タイミング	たいみんぐ	アクセシビリティ
タイムアウト	たいむあうと	アクセシビリティ
タスク	たすく	アクセシビリティ
達成基準	たっせいきじゅん	アクセシビリティ
タップ	たっぷ	アクセシビリティ
縦積み	たてづみ	アクセシビリティ
段階	だんかい	アクセシビリティ
端末	たんまつ	アクセシビリティ
チェックリスト	ちぇっくりすと	アクセシビリティ
知覚	ちかく	アクセシビリティ
知覚可能	ちかくかのう	アクセシビリティ
作り手	つくりて	アクセシビリティ
ツッコミ	つっこみ	アクセシビリティ
DTPチーム	でぃーてぃーぴーちーむ	アクセシビリティ
提示	ていじ	アクセシビリティ
Disability	でぃすあびりてぃ	アクセシビリティ
適応	てきおう	アクセシビリティ
テキスト	てきすと	アクセシビリティ
Techniques	てくにくす	アクセシビリティ
デザイナー	でざいなー	アクセシビリティ
デザイン	でざいん	アクセシビリティ
点字	てんじ	アクセシビリティ
Temporary	てんぽらり	アクセシビリティ
特定	とくてい	アクセシビリティ
読解	どっかい	アクセシビリティ
7:1	ななたいいち	アクセシビリティ
ナビゲーション	なびげーしょん	アクセシビリティ
入力	にゅうりょく	アクセシビリティ
入力支援	にゅうりょくしえん	アクセシビリティ
入力欄	にゅうりょくらん	アクセシビリティ
認知負荷	にんちふか	アクセシビリティ
場	ば	アクセシビリティ
Permanent	ぱーまねんと	アクセシビリティ
背景音	はいけいおん	アクセシビリティ
配置	はいち	アクセシビリティ
発話	はつわ	アクセシビリティ
パララックス	ぱららっくす	アクセシビリティ
パンくずリスト	ぱんくずりすと	アクセシビリティ
非依存	ひいぞん	アクセシビリティ
ビジュアルデザイン	びじゅあるでざいん	アクセシビリティ
左から右	ひだりからみぎ	アクセシビリティ
非テキストコンテンツ	ひてきすとこんてんつ	アクセシビリティ
Human Usability	ひゅーまんゆーざびりてぃ	アクセシビリティ
評議委員	ひょうぎいいん	アクセシビリティ
品質	ひんしつ	アクセシビリティ
フェーズ	ふぇーず	アクセシビリティ
フォーカス	ふぉーかす	アクセシビリティ
フォーカス順序	ふぉーかすじゅんじょ	アクセシビリティ
フォーム	ふぉーむ	アクセシビリティ
フッタ	ふった	アクセシビリティ
フッター	ふったー	アクセシビリティ
Flash	ふらっしゅ	アクセシビリティ
freee	ふりー	アクセシビリティ
プレースホルダー	ぷれーすほるだー	アクセシビリティ
プロセス	ぷろせす	アクセシビリティ
プロダクトマネジャー	ぷろだくとまねーじゃー	アクセシビリティ
ブロックスキップ	ぶろっくすきっぷ	アクセシビリティ
プロトタイピング	ぷろとたいぴんぐ	アクセシビリティ
ページタイトル	ぺーじたいとる	アクセシビリティ
べからず集	べからずしゅう	アクセシビリティ
ベストプラクティス	べすとぷらくてぃす	アクセシビリティ
ヘッダ	へっだ	アクセシビリティ
ヘッダー	へっだー	アクセシビリティ
VoiceOver	ぼいすおーばー	アクセシビリティ
ポインタ	ぽいんた	アクセシビリティ
方法	ほうほう	アクセシビリティ
発作	ほっさ	アクセシビリティ
ホバー	ほばー	アクセシビリティ
マサカリ	まさかり	アクセシビリティ
Machine Accessibility	ましんあくせしびりてぃ	アクセシビリティ
Machine Readability	ましんりーだびりてぃ	アクセシビリティ
Machine Readable	ましんりーだぶる	アクセシビリティ
間違い	まちがい	アクセシビリティ
見出し	みだし	アクセシビリティ
メディア	めでぃあ	アクセシビリティ
目の敵	めのかたき	アクセシビリティ
文字	もじ	アクセシビリティ
モダリティ	もだりてぃ	アクセシビリティ
文言なしリンク	もんごんなしりんく	アクセシビリティ
UX	ゆーえっくす	アクセシビリティ
ユーザー	ゆーざー	アクセシビリティ
ユーザーインタフェース	ゆーざーいんたーふぇーす	アクセシビリティ
ユーザエージェント	ゆーざーえーじぇんと	アクセシビリティ
Userscripts	ゆーざーすくりぷと	アクセシビリティ
ユーザビリティ	ユーザビリティ	アクセシビリティ
予測	よそく	アクセシビリティ
4.5:1	よんてんごたいいち	アクセシビリティ
ラベル	らべる	アクセシビリティ
lang属性	らんぐぞくせい	アクセシビリティ
リアルタイム	りあるたいむ	アクセシビリティ
理解	りかい	アクセシビリティ
理解可能	りかいかのう	アクセシビリティ
略語	りゃくご	アクセシビリティ
利用者	りようしゃ	アクセシビリティ
リンク	りんく	アクセシビリティ
リンク構造	りんくこうぞう	アクセシビリティ
倫理	りんり	アクセシビリティ
レイアウト	れいあうと	アクセシビリティ
ワイヤーフレーム	わいやーふれーむ	アクセシビリティ
わかりやすい文章	わかりやすいぶんしょう	アクセシビリティ
枠線	わくせん	アクセシビリティ
割り込み	わりこみ	アクセシビリティ
腕力	わんりょく	アクセシビリティ
アクセス数	あくせすすう	アフィリエイト
アフィリエイト	あふぃりえいと	アフィリエイト
アフィリエイトサイト	あふぃりえいとさいと	アフィリエイト
アプリ	あぷり	アフィリエイト
Webマーケティング	うぇぶまーけてぃんぐ	アフィリエイト
関連キーワード取得ツール	かんれんきーわーどしゅとくつーる	アフィリエイト
キーワード設定	きーわーどせってい	アフィリエイト
景表法	けいひょうほう	アフィリエイト
化粧品	けしょうひん	アフィリエイト
検索エンジン最適化(SEO)スターターガイド	けんさくえんじんさいていきかすたーたーがいど	アフィリエイト
効能	こうのう	アフィリエイト
5W1H	ごーだぶりゅいちえいち	アフィリエイト
コピーコンテンツ	こぴーこんてんつ	アフィリエイト
サブキーワード	さぶきーわーど	アフィリエイト
サプリ	さぷり	アフィリエイト
タイトルタグ	たいとるたぐ	アフィリエイト
Description	ですくりぷしょん	アフィリエイト
パクリ	ぱくり	アフィリエイト
品質に関するガイドライン	ひんしつにかんするがいどらいん	アフィリエイト
ファイナンシャル・プランニング	ふぁいなんしゃるぷらんにんぐ	アフィリエイト
メインキーワード	めいんきーわーど	アフィリエイト
薬機法	やっきほう	アフィリエイト
リライト	りらいと	アフィリエイト
令和	れいわ	アフィリエイト
iOS	あいおーえす	アプリ
アイコン	あいこん	アプリ
アプリスプラッシュ	あぷりすぷらっしゅ	アプリ
アプリトップ	あぷりとっぷ	アプリ
Android	あんどろいど	アプリ
Webライク	うぇぶらいく	アプリ
EXPO	えくすぽ	アプリ
エスケープ文字	えすけーぷもじ	アプリ
開発管理	かいはつかんり	アプリ
開発基盤	かいはつきばん	アプリ
開発言語	かいはつげんご	アプリ
CSV	しーえすぶい	アプリ
CSVエクスポート	しーえすぶいえくすぽーと	アプリ
自由度	じゆうど	アプリ
親和性	しんわせい	アプリ
セッションリスト	せっしょんりすと	アプリ
タグ除去	たぐじょきょ	アプリ
単一開発言語	たんいつかいはつげんご	アプリ
トンマナ	とんまな	アプリ
認証用Web	にんしょうよううぇぶ	アプリ
ハード依存	はーどいぞん	アプリ
ハードウェア	はーどうぇあ	アプリ
パフォーマンス	ぱふぉーまんす	アプリ
ビルド	びるど	アプリ
Functions	ふぁんくしょんず	アプリ
Figma	ふぃぐま	アプリ
復元	ふくげん	アプリ
プッシュ通知	ぷっしゅつうち	アプリ
Mac	まっく	アプリ
マルチプラットフォーム	まるちぷらっとふぉーむ	アプリ
URL	ゆーあーるえる	アプリ
React Native	りあくとねいてぃぶ	アプリ
Reactライブラリ	りあくとらいぶらり	アプリ
REST	れすと	アプリ
iframe	あいふれーむ	ウェブ全般
alignfull	あらいんふる	ウェブ全般
ウィジェット	うぃじぇっと	ウェブ全般
カスケーディングスタイルシート	かすけーでぃんぐすたいるしーと	ウェブ全般
共有ボタン	きょうゆうぼたん	ウェブ全般
コピペ	こぴぺ	ウェブ全般
サイドバー	さいどばー	ウェブ全般
GPL	じーぴーえる	ウェブ全般
スライド	すらいど	ウェブ全般
センタリング	せんたりんぐ	ウェブ全般
Send	せんど	ウェブ全般
ソーシャルリンクメニュー	そーしゃるりんくめにゅー	ウェブ全般
チャット	ちゃっと	ウェブ全般
トップページ	とっぷぺーじ	ウェブ全般
ドラック&ドロップ	どらっくあんどどろっぷ	ウェブ全般
ドロップキャップ	どろっぷきゃっぷ	ウェブ全般
ドロップキャプス	どろっぷきゃぷす	ウェブ全般
パーマリンク	ぱーまりんく	ウェブ全般
バナー	ばなー	ウェブ全般
Hello World!	はろーわーるど	ウェブ全般
フィードバック	ふぃーどばっく	ウェブ全般
プライバシーポリシー	ぷらいばしーぽりしー	ウェブ全般
フリーランス	ふりーらんす	ウェブ全般
ポモドーロテクニック	ぽもどーろてくにっく	ウェブ全般
マシンパワー	ましんぱわー	ウェブ全般
ライセンス	らいせんす	ウェブ全般
RSS	あーるえすえす	オウンドメディア
アーンド	あーんど	オウンドメディア
意義共有	いぎきょうゆう	オウンドメディア
SDGs	えすでぃーじーず	オウンドメディア
オウンドメディアサイト	おうんどめでぃあさいと	オウンドメディア
オウンドメディア	おふんどめでぃあ	オウンドメディア
各種施策	かくしゅしさく	オウンドメディア
各種施策	かくしゅせさく	オウンドメディア
カスタマージャーニーマップ	かすたまーじゃーにーまっぷ	オウンドメディア
企画案	きかくあん	オウンドメディア
企画立案	きかくりつあん	オウンドメディア
既存顧客	きぞんこきゃく	オウンドメディア
機能要件	きのうようけん	オウンドメディア
キュレーションメディア	きゅれーしょんめでぃあ	オウンドメディア
共同検討	きょうどうけんとう	オウンドメディア
効果検証	こうかけんしょう	オウンドメディア
Sustainable Development Goals	さすていなぶるでべろっぷめんとごーるず	オウンドメディア
サブスクリプション	サブスクリプション	オウンドメディア
若年層開拓	じゃくねんそうかいたく	オウンドメディア
制作進行	せいさくしんこう	オウンドメディア
ソーシャルマーケティング	そーしゃるまーけてぃんぐ	オウンドメディア
潮流	ちょうりゅう	オウンドメディア
D2C	でぃーつーしー	オウンドメディア
デザイン方針	でざいんほうしん	オウンドメディア
販促ツール	はんそくつーる	オウンドメディア
フロントエンドエンジニア	フロントエンドエンジニア	オウンドメディア
ペイド	ぺいど	オウンドメディア
編集方針	へんしゅうほうしん	オウンドメディア
ポータルサイト	ぽーたるさいと	オウンドメディア
役割定義	やくわりていぎ	オウンドメディア
UXリサーチ	ゆーえっくすりさーち	オウンドメディア
ユーザーインタビュー	ゆーざーいんたびゅー	オウンドメディア
リクルーティング	りくるーてぃんぐ	オウンドメディア
リサーチ	りさーち	オウンドメディア
ロードマップ	ろーどまっぷ	オウンドメディア
ローンチ	ろーんち	オウンドメディア
インライン画像	いんらいんがぞう	カスタムフィールド製造業
カラムごと	からむごと	カスタムフィールド製造業
カラム数	からむすう	カスタムフィールド製造業
基盤整備	きばんせいび	カスタムフィールド製造業
共同創始者	きょうどうそうししゃ	カスタムフィールド製造業
共同編集	きょうどうへんしゅう	カスタムフィールド製造業
構想中	こうそうちゅう	カスタムフィールド製造業
コラボレーション機能	こらぼれーしょんきのう	カスタムフィールド製造業
再設定	さいせってい	カスタムフィールド製造業
設定項目	せっていこうもく	カスタムフィールド製造業
チュートリアル	ちゅーとりある	カスタムフィールド製造業
Handbook	はんどぶっく	カスタムフィールド製造業
フィルタ	ふぃるた	カスタムフィールド製造業
複数言語	ふくすうげんご	カスタムフィールド製造業
ブロックフィルタ	ぶろっくふぃるた	カスタムフィールド製造業
分割コンテンツ	ぶんかつこんてんつ	カスタムフィールド製造業
issue	いしゅー	コントリビュート
input-inspector.now.sh	いんぷっとはいふんいんすぺくたーどっとなうどっとえすえいち	コントリビュート
Windows	うぃんどうず	コントリビュート
npm install	えぬぴーえむいんすとーる	コントリビュート
npm run build	えぬぴーらんびるど	コントリビュート
ffmpeg	えふえふえむぺぐ	コントリビュート
OSS	おーえすえす	コントリビュート
Git	ぎっと	コントリビュート
Github	ぎっとはぶ	コントリビュート
言語化	げんごか	コントリビュート
#core-editor チャンネル	こあえでぃたーちゃんねる	コントリビュート
コンポーネント	こんぽーねんと	コントリビュート
CJK	しーじぇーけー	コントリビュート
Gif	じふ	コントリビュート
修正・検証	しゅうせいけんしょう	コントリビュート
修正版	しゅうせいばん	コントリビュート
ScreenToGif	すくりーんとぅじふ	コントリビュート
Slack	すらっく	コントリビュート
Slackアカウント	すらっくあかうんと	コントリビュート
Disられた	でぃすられた	コントリビュート
テスト	てすと	コントリビュート
Trac	とらっく	コントリビュート
日本語入力	にほんごにゅうりょく	コントリビュート
入力イベント	にゅうりょくいべんと	コントリビュート
バグってる	ばぐってる	コントリビュート
バグる	ばぐる	コントリビュート
バグレポート	ばぐれぽーと	コントリビュート
プロダクト	ぷろだくと	コントリビュート
傍観者効果	ぼうかんしゃこうか	コントリビュート
マージ	まーじ	コントリビュート
マイルストーン	まいるすとーん	コントリビュート
mov	もぶ	コントリビュート
UI	ゆーあい	コントリビュート
RichText	りっちてきすと	コントリビュート
リプライ	りぷらい	コントリビュート
リリース予定	りりーすよてい	コントリビュート
Adobe	あどび	サービス
Algoria	あるごりあ	サービス
Alexa	あれくさ	サービス
いらすとや	いらすとや	サービス
Instagram	いんすたぐらむ	サービス
Wechat	うぃーちゃっと	サービス
Winny	うぃにー	サービス
Ubersuggest	うーばーさじぇすと	サービス
ウェイボー	うぇいぼー	サービス
SSG	えすえすじー	サービス
ONA Japan	おーえぬえーじゃぱん	サービス
Online News Association	おんらいんにゅーすあそしえーしょん	サービス
QQ	きゅーきゅー	サービス
Googleカレンダー	ぐーぐるかれんだー	サービス
Googleフォーム	ぐーぐるふぉーむ	サービス
Googleフォント	ぐーぐるふぉんと	サービス
Google マイビジネス	ぐーぐるまいびじねす	サービス
Googleマップ	ぐーぐるまっぷ	サービス
Cloud Firestore	くらうどふぁいあーすとあ	サービス
CodeIQ	こーどあいきゅー	サービス
CDN	しーでぃーえぬ	サービス
Gメール	じーめーる	サービス
jQuery	じぇいくえりー	サービス
Stripe	すとらいぷ	サービス
Snapmart	すなっぷまーと	サービス
Sli.do	すらいどぅー	サービス
Twitter	ついったー	サービス
Twitter bio	ついったーばいお	サービス
Dropbox	どろっぷぼっくす	サービス
Dropbox Paper	どろっぷぼっくすぺーぱー	サービス
バイドゥ	ばいどぅ	サービス
Firebase	ふぁいあーべーす	サービス
Facebook	ふぇいすぶっく	サービス
FontAwesome	ふぉんとおーさむ	サービス
Flutter	ふらったー	サービス
Whatsapp	ほわっつあっぷ	サービス
MovableType	ムーバブルタイプ	サービス
YouTube	ゆーちゅーぶ	サービス
ヨウクー	ようくー	サービス
LINE	らいん	サービス
reCaptcha	りきゃぷちゃ	サービス
LinkedIn	りんくといん	サービス
AMP	あんぷ	スポンサー
一般社団法人ウェブ解析士協会	いっぱんしゃだんほうじんうぇぶかいせきしきょうかい	スポンサー
インフォバーン	いんふぉばーん	スポンサー
INFOBAHN GROUP	いんふぉばーんぐるーぷ	スポンサー
Weglot	うぃーぐろっと	スポンサー
WooCommerce	うーこまーす	スポンサー
WebARENA	うぇぶありーな	スポンサー
WebARENA SuiteS	うぇぶありーなすいーとえす	スポンサー
ウェブ解析士	うぇぶかいせきし	スポンサー
Welcart	うぇるかーと	スポンサー
エイトバルーン	えいとばるーん	スポンサー
EIGHT BALLOON	えいとばるーん	スポンサー
XSERVER	えっくすさーばー	スポンサー
エックスサーバー	えっくすさーばー	スポンサー
FE Advanced Search _ 絞り込み検索プラグイン for WordPress	えふいーあどばんすとさーちしぼりこみけんさくぷらぐいんふぉーわーどぷれす	スポンサー
Kinsta	きんすた	スポンサー
Google	ぐーぐる	スポンサー
KUSANAGI	くさなぎ	スポンサー
Kunoichi	くのいち	スポンサー
GRANDDESIGN	ぐらんどでざいん	スポンサー
GoDaddy	ごーだでぃー	スポンサー
GoDaddy Pro	ごーだでぃーぷろ	スポンサー
COMMUNITY TREE	こみゅにてぃーつりー	スポンサー
communitycom	こみゅにてぃこむ	スポンサー
コミュニティコムショップ	こみゅにてぃこむしょっぷ	スポンサー
コルネ	こるね	スポンサー
SiteGround	さいとぐらうんど	スポンサー
さくらインターネット	さくらいんたーねっと	スポンサー
GMOクラウド	じーえむおーくらうど	スポンサー
GMOクラウド with Plesk	じーえむおーくらうどうぃずぷれすく	スポンサー
GMOペパボ	じーえむおーぺぱぼ	スポンサー
ジェイピー・セキュア	じぇいぴーせきゅあ	スポンサー
Jetpack	じぇっとぱっく	スポンサー
Shifter	しふたー	スポンサー
シロクロ	しろくろ	スポンサー
ShiroKuroInc.	しろくろ	スポンサー
Snow Monkey	すのーもんきー	スポンサー
TypeSquare	たいぷすくえあ	スポンサー
タロスカイ	たろすかい	スポンサー
Tarosky	たろすかい	スポンサー
DigitalCube Co. Ltd.	でじたるきゅーぶ	スポンサー
トンボロ	とんぼろ	スポンサー
TOMBOLO	とんぼろ	スポンサー
ハートビーツ	はーとびーつ	スポンサー
HEARTBEATS	はーとびーつ	スポンサー
Backlog	ばっくろぐ	スポンサー
HubSpot	はぶすぽっと	スポンサー
HAMWORKS	はむわーくす	スポンサー
First Element	ふぁーすとえれめんと	スポンサー
プライム・ストラテジー	ぷらいむすとらてじー	スポンサー
Prime Strategy	ぷらいむすとらてじー	スポンサー
Bluehost	ぶるーほすと	スポンサー
Plesk	ぷれすく	スポンサー
PayPal	ぺいぱる	スポンサー
ペイパル	ぺいぱる	スポンサー
ベクトル	べくとる	スポンサー
heteml	へてむる	スポンサー
メディアジーン	めでぃあじーん	スポンサー
モリサワ	もりさわ	スポンサー
Lightning	らいとにんぐ	スポンサー
LIQUID PRESS	りきっどぷれす	スポンサー
Riverforest Plugins	りばーふぉれすとぷらぐいんず	スポンサー
ReadyShip	れでぃーしっぷ	スポンサー
ロリポップ！	ろりぽっぷ	スポンサー
Zerif Lite	ぜりふらいと	テーマ
Nishiki	にしき	テーマ
アーカイブ	あーかいぶ	テーマ制作
圧倒的存在感	あっとうてきそんざいかん	テーマ制作
イマココ	いまここ	テーマ制作
API	えーぴーあい	テーマ制作
Author	おうさー	テーマ制作
管理バー	かんりばー	テーマ制作
要素セレクタ	ようそせれくた	テーマ制作
営業日	えいぎょうび	なし
SE	えすいー	なし
カフェ	かふぇ	なし
カフェのサイト	かふぇのさいと	なし
関西圏	かんさいけん	なし
初学者	しょがくしゃ	なし
UpdraftPlus	あっぷどらふとぷらす	プラグイン
Advanced Automatic Updates	あどばんすとおーとまてぃっくあっぷでーつ	プラグイン
Advanced Custom Field	あどばんすどかすたむふぃーるど	プラグイン
Advanced Posts Blocks	あどばんすどぽすつぶろっくす	プラグイン
Admin Bar Position	あどみんばーぽじしょん	プラグイン
Easy WP Meta Description	いーじーだぶりゅぴーめたですくりぷしょん	プラグイン
Instagram Feed	いんすたぐらむふぃーど	プラグイン
WEGLOT	うぃぐろっと	プラグイン
ACF	えーしーえふ	プラグイン
Elementor	えれめんたー	プラグイン
OGP ジェネレーター - Simple Share	おーじーぴーじぇねれーたー	プラグイン
All in One SEO Pack	おーるいんわんえすいーおーぱっく	プラグイン
All in One WP Security	おーるいんわんだぶりゅぴーせきゅりてぃ	プラグイン
Custom Post Type Permalinks	かすたむぽすとたいぷぱーまりんくす	プラグイン
qTranslate X	きゅーとらんすれいとえっくす	プラグイン
Google XML Sitemaps	ぐーぐるえっくすえむえるさいとまっぷす	プラグイン
クラシックエディタ	くらしっくえでぃた	プラグイン
Classic Editor	くらしっくえでぃたー	プラグイン
Contact Form 7	こんたくとふぉーむせぶん	プラグイン
Contact Form 7 Serial Numbers	こんたくとふぉーむせぶんしりあるなんばーず	プラグイン
Site Guard	さいとがーど	プラグイン
SiteGuard WP Plugin	さいとがーどだぶるぴーぷらぐいん	プラグイン
Site Kit	さいときっと	プラグイン
Simple GA Ranking Plugin	しんぷるじーえーらんきんぐぷらぐいん	プラグイン
Simple Post Type Permalinks	しんぷるぽすとたいぷぱーまりんくす	プラグイン
Simple Map	しんぷるまっぷ	プラグイン
Snow Monkey Blocks	すのーもんきーぶろっくす	プラグイン
WPML	だぶるぴーえむえる	プラグイン
WP Post Has Archive	だぶるぴーぽすとはずあーかいぶ	プラグイン
Duplicate Page	でゅぷりけーとぺーじ	プラグイン
Per page head	ぱーぺーじへっど	プラグイン
Pubsubhubbub	ぱぶさぶはぶばぶ	プラグイン
Public Post Preview	ぱぶりっくぽすとぷれびゅー	プラグイン
Powerful Posts Per Page	ぱわふるぽすつぱーぺーじ	プラグイン
PPPP	ぴーぴーぴーぴー	プラグイン
Flamingo	ふらみんご	プラグイン
Broken Link Checker	ぶろーくんりんくちぇっかー	プラグイン
BOGO	ぼご	プラグイン
Polylang	ぽりらんぐ	プラグイン
My Calendar	まいかれんだー	プラグイン
Multi Language Switcher	まるちらんげーじすいっちゃー	プラグイン
MultilingualPress	まるちりんがるぷれす	プラグイン
Yoast SEO	よーすとえすいーおー	プラグイン
LIQUID SPEECH BALOON	りきっどすぴーちばるーん	プラグイン
LIQUID BLOCKS GALLERY	りきっどぶろっくぎゃらりー	プラグイン
ウェブライター	うぇぶらいたー	ブログ
https化	えいちてぃーてぃーぴーえすか	ブログ
ガジェット	がじぇっと	ブログ
記事公開	きじこうかい	ブログ
記事校正	きじこうせい	ブログ
記事作成	きじさくせい	ブログ
Google Analytics	ぐーぐるあなりてぃくす	ブログ
Google Search Console	ぐーぐるさーちこんそーる	ブログ
検索キーワード	けんさくきーわーど	ブログ
検索クエリ	けんさくくえる	ブログ
現地取材	げんちしゅざい	ブログ
更新頻度	こうしんひんど	ブログ
構造化データ	こうぞうかでーた	ブログ
サイト保守	さいとほしゅ	ブログ
CVR	しーぶいあーる	ブログ
測定	そくてい	ブログ
素材写真	そざいしゃしん	ブログ
代替案	だいがえあん	ブログ
代替案	だいたいあん	ブログ
プレスリリース	ぷれすりりーす	ブログ
ブロガー	ぶろがー	ブログ
ブログ	ぶろぐ	ブログ
ペルソナ	ぺるそな	ブログ
方向性	ほうこうせい	ブログ
ポートフォリオ	ぽーとふぉりお	ブログ
メンテナンス	めんてなんす	ブログ
ユーザー層	ゆーざーそう	ブログ
ユーザー像	ゆーざーぞう	ブログ
Ionic	あいおにっく	プロダクト
App	あっぷ	プロダクト
アップデート	あっぷでーと	プロダクト
Apache	あぱっち	プロダクト
アプデ	あぷで	プロダクト
App	あぷり	プロダクト
Angular	あんぎゅらー	プロダクト
EC	いーしー	プロダクト
EC Cube	いーしーきゅーぶ	プロダクト
運用代行	うんようだいこう	プロダクト
運用保守	うんようほしゅ	プロダクト
HTTP API	えいちてぃーてぃーぴーえーぴーあい	プロダクト
ASP	えーえすぴー	プロダクト
AWS	えーだぶりゅえす	プロダクト
SPA	えすぴーえー	プロダクト
npm	えぬぴーえむ	プロダクト
MP	えむぴー	プロダクト
エラー文	えらーぶん	プロダクト
Area Innovation Review	えりあいのべーしょんれびゅー	プロダクト
LP	えるぴー	プロダクト
Auth0	おーすぜろ	プロダクト
OpenSSL	おーぷんえすえすえる	プロダクト
音声認識API	おんせいにんしきえーぴーあい	プロダクト
カード情報	かーどじょうほう	プロダクト
会員限定コンテンツ	かいいんげんていこんてんつ	プロダクト
カイゼン	かいぜん	プロダクト
課金	かきん	プロダクト
管理画面機能	かんりがめんきのう	プロダクト
機密情報	きみつじょうほう	プロダクト
Gatsby	ぎゃつびー	プロダクト
GUI	ぐい	プロダクト
クラウド	くらうど	プロダクト
決済額	けっさいがく	プロダクト
決済システム	けっさいしすてむ	プロダクト
コア	こあ	プロダクト
コーディング	こーでぃんぐ	プロダクト
コンテンツ管理	こんてんつかんり	プロダクト
SaaS	さーす	プロダクト
サイト内検索	さいとないけんさく	プロダクト
GCP	じーしーぴー	プロダクト
GUI	じーゆーあい	プロダクト
自社サービス	じしゃさーびす	プロダクト
従量課金	じゅうりょうかきん	プロダクト
仕様	しよう	プロダクト
障害	しょうがい	プロダクト
シングルサインオン	しんぐるさいんおん	プロダクト
Single Page Application	しんぐるぺーじあぷりけーしょん	プロダクト
Static Site Generator	すたてぃっくさいとじぇねれーたー	プロダクト
ストレージ	すとれーじ	プロダクト
脆弱性	ぜいじゃくせい	プロダクト
代替	だいがえ	プロダクト
代替	だいたい	プロダクト
WP API	だぶるぴーえーぴーあい	プロダクト
定期支払い	ていきしはらい	プロダクト
Tips	てぃっぷす	プロダクト
データソース	でーたそーす	プロダクト
デグレ	でぐれ	プロダクト
デプロイする	でぷろいする	プロダクト
Nuxt	なくすと	プロダクト
認証	にんしょう	プロダクト
認証系	にんしょうけい	プロダクト
認証処理	にんしょうしょり	プロダクト
配信基盤	はいしんきばん	プロダクト
破壊的変更	はかいてきへんこう	プロダクト
Publishing	ぱぶりっしんぐ	プロダクト
PHP	ぴーえいちぴー	プロダクト
PWA	ぴーだぶりゅえー	プロダクト
非公開情報	ひこうかいじょうほう	プロダクト
非公開領域	ひこうかいりょういき	プロダクト
Vue	びゅー	プロダクト
View	びゅー	プロダクト
描画	びょうが	プロダクト
頻度	ひんど	プロダクト
FaaS	ふぁーす	プロダクト
フック	ふっく	プロダクト
プラン制限	ぷらんせいげん	プロダクト
Progressive Web Application	ぷろぐれっしぶうぇぶあぷりけーしょん	プロダクト
フロントエンド	ふろんとえんど	プロダクト
ベンダー	べんだー	プロダクト
ホスティング	ほすてぃんぐ	プロダクト
マネージドサービス	まねーじどさーびす	プロダクト
ミドルウェア	みどるうぇあ	プロダクト
メンテ	めんて	プロダクト
モバイルアプリ	もばいるあぷり	プロダクト
ユーザー管理	ゆーざーかんり	プロダクト
ユースケース	ゆーすけーす	プロダクト
React	りあくと	プロダクト
利用制限	りようせいげん	プロダクト
レコメンデーションエンジン	れこめんでーしょんえんじん	プロダクト
REST API	れすとえーぴーあい	プロダクト
アイキャッチ	あいきゃっち	ブロックエディタ
アンカー	あんかー	ブロックエディタ
HTML編集	えいちてぃーえむえるへんしゅう	ブロックエディタ
a11y	えーいれぶんわい	ブロックエディタ
大見出し	おおみだし	ブロックエディタ
活版印刷	かっぱんいんさつ	ブロックエディタ
カラム	からむ	ブロックエディタ
小見出し	こみだし	ブロックエディタ
コンテンツ構造	こんてんつこうぞう	ブロックエディタ
出力画面	しゅつりょくがめん	ブロックエディタ
スマホ入力	すまほにゅうりょく	ブロックエディタ
中見出し	ちゅうみだし	ブロックエディタ
ツールバー	つーるばー	ブロックエディタ
入力画面	にゅうりょくがめん	ブロックエディタ
プロジェクト	プロジェクト	ブロックエディタ
マークダウン	まーくだうん	ブロックエディタ
リッチメディア	りっちめでぃあ	ブロックエディタ
リビジョン	りびじょん	ブロックエディタ
アウトライン	あうとらいん	マーケティング
アクセス	あくせす	マーケティング
アクセス解析	あくせすかいせき	マーケティング
アクティビティ	あくてぃびてぃ	マーケティング
アソビュー	あそびゅー	マーケティング
アピール	あぴーる	マーケティング
eBook	いーぶっく	マーケティング
1000万PV	いっせんまんぴーぶい	マーケティング
イベントツール	いべんとつーる	マーケティング
インバウンドマーケティング	いんばうんどまーけてぃんぐ	マーケティング
ウェブページ	うぇぶぺーじ	マーケティング
Webメディア	うぇぶめでぃあ	マーケティング
Webライティング	うぇぶらいてぃんぐ	マーケティング
運用	うんよう	マーケティング
運用フロー	うんようふろー	マーケティング
AirBnb	えあーびーあんどびー	マーケティング
SNS	えすえぬえす	マーケティング
MA	えむえー	マーケティング
オーガニックサーチ	おーがにっくさーち	マーケティング
お気に入り	おきにいり	マーケティング
オンラインプロダクト	おんらいんぷろだくと	マーケティング
改修	かいしゅう	マーケティング
会場費	かいじょうひ	マーケティング
解析フロー	かいせきふろー	マーケティング
外部ライター	がいぶらいたー	マーケティング
カスタマー	かすたまー	マーケティング
仮説	かせつ	マーケティング
加味	かみ	マーケティング
紙媒体	かみばいたい	マーケティング
関連キーワード	かんれんきーわーど	マーケティング
キーワード	きーわーど	マーケティング
キーワード選定	きーわーどせんてい	マーケティング
キーワード戦略	きーわーどせんりゃく	マーケティング
キーワードライフタイム	きーわーどらいふたいむ	マーケティング
企画	きかく	マーケティング
キャッシュ	きゃっしゅ	マーケティング
Googleトレンド	ぐーぐるとれんど	マーケティング
クーポン	くーぽん	マーケティング
口コミ	くちこみ	マーケティング
グラバター	ぐらばたー	マーケティング
Cron Job	くろーんじょぶ	マーケティング
計測	けいそく	マーケティング
継続的接触	けいぞくてきせっしょく	マーケティング
KGI	けーじーあい	マーケティング
KPI	けーぴーあい	マーケティング
月間	げっかん	マーケティング
検索エンジン	けんさくえんじん	マーケティング
検索ボリューム	けんさくぼりゅーむ	マーケティング
検証	けんしょう	マーケティング
高価格帯	こうかかくたい	マーケティング
高機能	こうきのう	マーケティング
広告	こうこく	マーケティング
購買行動	こうばいこうどう	マーケティング
コミュニケーション	こみゅにけーしょん	マーケティング
コワーキングスペース	こわーきんぐすぺーす	マーケティング
コンサルティング	こんさるてぃんぐ	マーケティング
コンテンツ	こんてんつ	マーケティング
コンテンツ戦略	こんてんつせんりゃく	マーケティング
コンテンツマーケティング	こんてんつまーけてぃんぐ	マーケティング
コンテンツリスト	こんてんつりすと	マーケティング
コンテンツリスト・スケジュール	こんてんつりすとすけじゅーる	マーケティング
コンバージョン	こんばーじょん	マーケティング
サービス	さーびす	マーケティング
作文技術	さくぶんぎじゅつ	マーケティング
冊子	さっし	マーケティング
SATORI	さとり	マーケティング
Zapier	ざぴあー	マーケティング
サブミット	さぶみっと	マーケティング
サンプル	さんぷる	マーケティング
CMS	しーえむえす	マーケティング
施策	しさく	マーケティング
自社製品	じしゃせいひん	マーケティング
自然流入	しぜんりゅうにゅう	マーケティング
下書き	したがき	マーケティング
実行	じっこう	マーケティング
zip	じっぷ	マーケティング
質問大会	しつもんたいかい	マーケティング
社内リソース	しゃないりそーす	マーケティング
Joomla	じゅーむら	マーケティング
重要度	じゅうようど	マーケティング
順位	じゅんい	マーケティング
Shopify	しょっぴふぁい	マーケティング
スキルセット	すきるせっと	マーケティング
Squarespace	すくえあすぺーす	マーケティング
ステップ	すてっぷ	マーケティング
ステップメール	すてっぷめーる	マーケティング
スパム	すぱむ	マーケティング
セールス	せーるす	マーケティング
施策	せさく	マーケティング
セッション	せっしょん	マーケティング
選定	せんてい	マーケティング
Sendgrid	せんどぐりっど	マーケティング
ソーシャルメディア	そーしゃるめでぃあ	マーケティング
ターゲティング	たーげてぃんぐ	マーケティング
ダイレクト	だいれくと	マーケティング
多拠点	たきょてん	マーケティング
Dazn	だぞーん	マーケティング
WP ZoomUP	だぶるぴーずーむあっぷ	マーケティング
WP Mautic	だぶるぴーまうてぃっく	マーケティング
食べログマガジンペルル.jp	たべろぐまがじんぺるるどっとじぇーぴー	マーケティング
チャプター	ちゃぷたー	マーケティング
デジタルノマド	でじたるのまど	マーケティング
デジタルマーケティング	でじたるまーけてぃんぐ	マーケティング
デモ	でも	マーケティング
展開	てんかい	マーケティング
動画	どうが	マーケティング
トラフィック	とらふぃっく	マーケティング
Drupal	どるーぱる	マーケティング
トレンド	とれんど	マーケティング
ニュースメディア	にゅーすめでぃあ	マーケティング
ニュースリリース	にゅーすりりーす	マーケティング
ハッカソン	はっかそん	マーケティング
ハンズオン	はんずおん	マーケティング
反応	はんのう	マーケティング
b→dash	びーだっしゅ	マーケティング
PDF	ぴーでぃーえふ	マーケティング
PDO	ぴーでぃーおー	マーケティング
PV	ぴーぶい	マーケティング
フォロー	ふぉろー	マーケティング
複合的	ふくごうてき	マーケティング
ブランディング	ぶらんでぃんぐ	マーケティング
ブランド価値	ぶらんどかち	マーケティング
フロー	ふろー	マーケティング
プロジェクター	ぷろじぇくたー	マーケティング
フロントエンドデザイン	ふろんとえんどでざいん	マーケティング
変数	へんすう	マーケティング
ポート	ぽーと	マーケティング
ボクシルマガジン	ぼくしるまがじん	マーケティング
保守	ほしゅ	マーケティング
ポップアップ	ぽっぷあっぷ	マーケティング
ボリューム	ぼりゅーむ	マーケティング
ホワイトペーパー	ほわいとぺーぱー	マーケティング
マーケティングオートメーション	まーけてぃんぐおーとめーしょん	マーケティング
マーケティング手法	まーけでぃんぐしゅほう	マーケティング
MySQL	まいえすきゅーえる	マーケティング
Mautic	まうてぃっく	マーケティング
Marketo	まるけと	マーケティング
Meetup	みーとあっぷ	マーケティング
見込み客	みこみきゃく	マーケティング
見込み顧客	みこみこきゃく	マーケティング
メタ構文	めたこうぶん	マーケティング
メルマガ	めるまが	マーケティング
目的	もくてき	マーケティング
目標設定	もくひょうせってい	マーケティング
優先順位	ゆうせんじゅんい	マーケティング
ライター	らいたー	マーケティング
リソース	りそーす	マーケティング
リダイレクト	りだいれくと	マーケティング
リファラー	りふぁらー	マーケティング
流入	りゅうにゅう	マーケティング
類似キーワード	るいじきーわーど	マーケティング
ルート	るーと	マーケティング
レビュー	れびゅー	マーケティング
WordCamp	わーどきゃんぷ	マーケティング
Wi-Fi	わいふぁい	マーケティング
Wi-Fi環境	わいふぁいかんきょう	マーケティング
移住者	いじゅうしゃ	課題解決
Webサイト	うぇぶさいと	課題解決
科学的情報	かがくてきじょうほう	課題解決
学習環境	がくしゅうかんきょう	課題解決
クラウドファンディング	くらうどふぁんでぃんぐ	課題解決
厚生労働省緊急人材育成事業基金訓練	こうせいろうどうしょうきんきゅうじんざいいくせいじぎょうききんくんれん	課題解決
古民家	こみんか	課題解決
就労移行支援	しゅうろういこうしえん	課題解決
首相官邸	しゅしょうかんてい	課題解決
地域活性化	ちいきかっせいか	課題解決
デモデータ	でもでーた	課題解決
廃屋	はいおく	課題解決
パラレルキャリア	ぱられるきゃりあ	課題解決
ひきこもり支援	ひきこもりしえん	課題解決
復権	ふっけん	課題解決
放射線量	ほうしゃせんりょう	課題解決
マスメディア	ますめでぃあ	課題解決
LAYER	れいやー	課題解決
LT	えるてぃー	情報発信
オープンソース	おーぷんそーす	情報発信
サチコ	さちこ	情報発信
デザインチーム	でざいんちーむ	情報発信
note	のーと	情報発信
プライベートワーク	ぷらいべーとわーく	情報発信
ライティング	らいてぃんぐ	情報発信
i18n	あいいちはちえぬ	多言語化
__	あんだーばーあんだーばー	多言語化
_e	あんだーばーいー	多言語化
一気通貫	いっきつうかん	多言語化
移民	いみん	多言語化
飲食店サイト	いんしょくてんさいと	多言語化
インターナショナリゼーション	いんたーなしょなりぜーしょん	多言語化
インバウンド	いんばうんど	多言語化
Weglotサーバー	うぃぐろっとさーばー	多言語化
ウェブサービス	うぇぶさーびす	多言語化
href	えいちれふ	多言語化
hreflang	えいちれふらんぐ	多言語化
L10N	えるいちぜろえぬ	多言語化
会員制アプリ	かいいんせいあぷり	多言語化
简体字	かんたいじ	多言語化
広東語	かんとんご	多言語化
廣東話	かんとんわ	多言語化
機械翻訳	きかいほんやく	多言語化
企業情報	きぎょうじょうほう	多言語化
クオリティチェック	くおりてぃちぇっく	多言語化
クラウド翻訳	くらうどほんやく	多言語化
Great Wall	ぐれーとうぉーる	多言語化
グレート・ファイアウォール	ぐれーとふぁいあうぉーる	多言語化
継続課金	けいぞくかきん	多言語化
言語コード	げんごこーど	多言語化
現地化	げんちか	多言語化
現地向け	げんちむけ	多言語化
コードレベル	こーどれべる	多言語化
コーポレートサイト	こーぽれーとさいと	多言語化
國語	こくご	多言語化
国策	こくさく	多言語化
サブディレクトリ	さぶでぃれくとり	多言語化
サブドメイン	さぶどめいん	多言語化
ja	じぇいえー	多言語化
上海	しゃんはい	多言語化
自由旅行	じゆうりょこう	多言語化
受託制作	じゅたくせいさく	多言語化
上下変動	じょうげへんどう	多言語化
人口比率	じんこうひりつ	多言語化
深圳	しんせん	多言語化
Simplified	しんぷりふぁいど	多言語化
Simplified Chinese	しんぷりふぁいどちゃいにーず	多言語化
人力	じんりき	多言語化
政策	せいさく	多言語化
制作単価	せいさくたんか	多言語化
製品カタログ	せいひんかたろぐ	多言語化
zh-Hans	ぜっとえいちはいふんはんす	多言語化
zh-Hant	ぜっとえいちはいふんはんと	多言語化
zh-Hant-HK	ぜっとえいちはいふんはんとはいふんえいちけー	多言語化
zh-Hant-TW	ぜっとえいちはいふんはんとはいふんてぃーだぶりゅー	多言語化
ターゲットユーザー	たーげっとゆーざー	多言語化
大誤訳	だいごやく	多言語化
対象地域	たいしょうちいき	多言語化
台湾	たいわん	多言語化
多言語化	たげんごか	多言語化
多言語サイト	たげんごさいと	多言語化
多言語都市	たげんごとし	多言語化
多国籍	たこくせき	多言語化
地域化	ちいきか	多言語化
中華圏	ちゅうかけん	多言語化
中国	ちゅうごく	多言語化
中国本土	ちゅうごくほんど	多言語化
当日ボランティア	とうじつぼらんてぃあ	多言語化
TOEIC	とーいっく	多言語化
Traditional	とらでぃしょなる	多言語化
Traditional Chinese	とらでぃしょなるちゃいにーず	多言語化
你好	にーはお	多言語化
日本企業	にほんきぎょう	多言語化
日本旅行	にほんりょこう	多言語化
パラメータ	ぱらめーた	多言語化
Han	はん	多言語化
繁體字	はんたいじ	多言語化
po editor	ぴーおーえでぃたー	多言語化
普通话	ふつうわ	多言語化
普遍的	ふへんてき	多言語化
フルパス	ふるぱす	多言語化
ブロック	ぶろっく	多言語化
プロモーション	ぷろもーしょん	多言語化
北京官話	ぺきんかんわ	多言語化
北京語	ぺきんご	多言語化
香港	ほんこん	多言語化
香港企業	ほんこんきぎょう	多言語化
香港人	ほんこんじん	多言語化
翻訳	ほんやく	多言語化
翻訳依頼者	ほんやくいらいしゃ	多言語化
翻訳会社	ほんやくがいしゃ	多言語化
翻訳者	ほんやくしゃ	多言語化
マーケット	まーけっと	多言語化
マンダリン	まんだりん	多言語化
文字体系	もじたいけい	多言語化
rel	れる	多言語化
労力	ろうりょく	多言語化
ローカライゼーション	ろーからいぜーしょん	多言語化
ログイン攻撃	ろぐいんこうげき	多言語化
埋め込む	うめこむ	動画
解像度	かいぞうど	動画
関連動画表示	かんれんどうがひょうじ	動画
GB	ぎがばいと	動画
施設内BGM	しせつないびーじーえむ	動画
Gifアニメ	じふあにめ	動画
スライダー	すらいだー	動画
静止画	せいしが	動画
接触回数	せっしょくかいすう	動画
単純接触効果	たんじゅんせっしょくこうか	動画
動画編集	どうがへんしゅう	動画
背景	はいけい	動画
MB	めがばいと	動画
モバイル	もばいる	動画
Web解析	うぇぶかいせき	保守
SQL	えすきゅーえる	保守
FTP	えふてぃーぴー	保守
推奨	すいしょう	保守
マークアップ	まーくあっぷ	保守
WAF	わふ	保守
Illegal art	いりーがるあーと	法律
海外コンテンツ	かいがいこんてんつ	法律
寄与する	きよする	法律
ググる	ぐぐる	法律
警察権	けいさつけん	法律
憲法13条	けんぽうじゅうさんじょう	法律
実演	じつえん	法律
肖像権	しょうぞうけん	法律
商標法	しょうひょうほう	法律
スクショ	すくしょ	法律
著作権法	ちょさくけんほう	法律
著作物	ちょさくぶつ	法律
パブコメ	ぱぶこめ	法律
文化的所産	ぶんかてきしょさん	法律
レコード	れこーど	法律
XD	えっくすでぃー	名前
Automattic	おーとまてぃっく	名前
男木島	おぎじま	名前
男木島生活研究所	おぎじませいかつけんきゅうしょ	名前
男木小中学校	おぎしょうちゅうがっこう	名前
男木地区コミュニティ協議会	おぎちくこみゅにてぃきょうぎかい	名前
瀬戸内国際芸術祭	せとうちこくさいげいじゅつさい	名前
瀬戸芸	せとげい	名前
WP ZoomUP	だぶるぴーずーむあっぷ	名前
WP Tavern	だぶるぴーたばーん	名前
阪神淡路大震災	はんしんあわじだいしんさい	名前
東日本大震災	ひがしにほんだいしんさい	名前
Matt Mullenweg	まっとまれんうぇっぐ	名前
女木島	めぎじま	名前
女木地区コミュニティ協議会	めぎちくこみゅにてぃきょうぎかい	名前
WordCamp Osaka	わーどきゃんぷおおさか	名前
WordCamp Kyoto	わーどきゃんぷきょうと	名前
WordCamp Tokyo	わーどきゃんぷとうきょう	名前
WordCamp Niigata	わーどきゃんぷにいがた	名前
WordCamp Haneda	わーどきゃんぷはねだ	名前
